order_item_id,order_number,product_slug,product_name,category_slug,brand,unit_price_cents,quantity,line_total_cents
1,TB-20260901-0001,bramble-organic-cotton-bear,Bramble the Organic Cotton Bear,dolls-plush,Hollow Hill,2999,1,2999
2,TB-20260901-0001,splash-zone-water-table,Splash Zone Water Table,outdoor-active-play,Sunbeam Play,6799,1,6799
3,TB-20260901-0001,backyard-bounce-jumbo-play-ball-set,Backyard Bounce Jumbo Play Ball Set,outdoor-active-play,Rove,2499,1,2499
4,TB-20260901-0001,stargazer-beginner-telescope,Stargazer Beginner Telescope,stem-learning,Northlight,9499,1,9499
5,TB-20260920-0002,trailblazer-wooden-balance-bike,Trailblazer Wooden Balance Bike,outdoor-active-play,Rove,8999,1,8999
6,TB-20260920-0002,woodland-match-memory-game,Woodland Match Memory Game,games-puzzles,Fox & Feather,1799,2,3598
7,TB-20260627-0003,bramble-organic-cotton-bear,Bramble the Organic Cotton Bear,dolls-plush,Hollow Hill,2999,1,2999
8,TB-20260627-0003,codebot-screen-free-coding-robot,CodeBot Screen-Free Coding Robot,stem-learning,Tinker Crew,7999,1,7999
9,TB-20260627-0003,little-kitchen-play-cafe-set,Little Kitchen Play Café Set,dolls-plush,Maple & Moss,5499,1,5499
10,TB-20260616-0004,codebot-screen-free-coding-robot,CodeBot Screen-Free Coding Robot,stem-learning,Tinker Crew,7999,1,7999
11,TB-20260616-0004,stargazer-beginner-telescope,Stargazer Beginner Telescope,stem-learning,Northlight,9499,1,9499
12,TB-20261217-0005,woodland-match-memory-game,Woodland Match Memory Game,games-puzzles,Fox & Feather,1799,1,1799
13,TB-20261217-0005,junior-engineer-nuts-bolts-workshop,Junior Engineer Nuts & Bolts Workshop,building-construction,Tinker Crew,3499,1,3499
14,TB-20261031-0006,backyard-bounce-jumbo-play-ball-set,Backyard Bounce Jumbo Play Ball Set,outdoor-active-play,Rove,2499,2,4998
15,TB-20261031-0006,splash-zone-water-table,Splash Zone Water Table,outdoor-active-play,Sunbeam Play,6799,1,6799
16,TB-20261031-0006,castle-quest-brick-set,Castle Quest Brick Set (480 pieces),building-construction,Blockworks,6499,1,6499
17,TB-20261105-0007,trailblazer-wooden-balance-bike,Trailblazer Wooden Balance Bike,outdoor-active-play,Rove,8999,1,8999
18,TB-20261105-0007,junior-archery-target-set,Junior Archery Target Set (foam-tipped),outdoor-active-play,Rove,3799,1,3799
19,TB-20261105-0007,codebot-screen-free-coding-robot,CodeBot Screen-Free Coding Robot,stem-learning,Tinker Crew,7999,2,15998
20,TB-20261122-0008,backyard-bounce-jumbo-play-ball-set,Backyard Bounce Jumbo Play Ball Set,outdoor-active-play,Rove,2499,1,2499
21,TB-20261105-0009,pocket-pals-mini-plush-set,Pocket Pals Mini Plush Set (6 animals),dolls-plush,Hollow Hill,2199,1,2199
22,TB-20261127-0010,splash-zone-water-table,Splash Zone Water Table,outdoor-active-play,Sunbeam Play,6799,1,6799
23,TB-20260505-0011,bramble-organic-cotton-bear,Bramble the Organic Cotton Bear,dolls-plush,Hollow Hill,2999,1,2999
24,TB-20260505-0011,rocket-race-family-board-game,Rocket Race Family Board Game,games-puzzles,Tabletop Junior,2899,2,5798
25,TB-20260505-0011,meadow-friends-rag-doll-iris,Meadow Friends Rag Doll — Iris,dolls-plush,Hollow Hill,3299,1,3299
26,TB-20260505-0011,alphabet-adventure-magnetic-letters,Alphabet Adventure Magnetic Letters,stem-learning,Little Lane,2299,3,6897
27,TB-20261104-0012,backyard-bounce-jumbo-play-ball-set,Backyard Bounce Jumbo Play Ball Set,outdoor-active-play,Rove,2499,1,2499
28,TB-20261104-0012,woodland-match-memory-game,Woodland Match Memory Game,games-puzzles,Fox & Feather,1799,1,1799
29,TB-20261104-0012,junior-engineer-nuts-bolts-workshop,Junior Engineer Nuts & Bolts Workshop,building-construction,Tinker Crew,3499,2,6998
30,TB-20261226-0013,splash-zone-water-table,Splash Zone Water Table,outdoor-active-play,Sunbeam Play,6799,1,6799
31,TB-20260326-0014,meadow-friends-rag-doll-iris,Meadow Friends Rag Doll — Iris,dolls-plush,Hollow Hill,3299,1,3299
32,TB-20261015-0015,trailblazer-wooden-balance-bike,Trailblazer Wooden Balance Bike,outdoor-active-play,Rove,8999,2,17998
33,TB-20261015-0015,junior-archery-target-set,Junior Archery Target Set (foam-tipped),outdoor-active-play,Rove,3799,2,7598
34,TB-20261219-0016,junior-archery-target-set,Junior Archery Target Set (foam-tipped),outdoor-active-play,Rove,3799,2,7598
35,TB-20260708-0017,codebot-screen-free-coding-robot,CodeBot Screen-Free Coding Robot,stem-learning,Tinker Crew,7999,1,7999
36,TB-20260605-0018,rocket-race-family-board-game,Rocket Race Family Board Game,games-puzzles,Tabletop Junior,2899,1,2899
37,TB-20260915-0019,junior-engineer-nuts-bolts-workshop,Junior Engineer Nuts & Bolts Workshop,building-construction,Tinker Crew,3499,1,3499
38,TB-20260912-0020,deep-sea-200-piece-jigsaw,Deep Sea 200-Piece Jigsaw,games-puzzles,Fox & Feather,1899,1,1899
39,TB-20261106-0021,trailblazer-wooden-balance-bike,Trailblazer Wooden Balance Bike,outdoor-active-play,Rove,8999,2,17998
40,TB-20261106-0021,codebot-screen-free-coding-robot,CodeBot Screen-Free Coding Robot,stem-learning,Tinker Crew,7999,2,15998
41,TB-20261106-0021,rocket-race-family-board-game,Rocket Race Family Board Game,games-puzzles,Tabletop Junior,2899,1,2899
42,TB-20261018-0022,bramble-organic-cotton-bear,Bramble the Organic Cotton Bear,dolls-plush,Hollow Hill,2999,2,5998
43,TB-20261231-0023,deep-sea-200-piece-jigsaw,Deep Sea 200-Piece Jigsaw,games-puzzles,Fox & Feather,1899,2,3798
44,TB-20261231-0023,codebot-screen-free-coding-robot,CodeBot Screen-Free Coding Robot,stem-learning,Tinker Crew,7999,2,15998
45,TB-20261120-0024,rainbow-rise-wooden-block-set,Rainbow Rise Wooden Block Set (100 pieces),building-construction,Maple & Moss,4299,1,4299
46,TB-20261019-0025,magnatile-explorer-starter-pack,MagnaTile Explorer Starter Pack (72 pieces),building-construction,BrightBuild,5999,1,5999
47,TB-20261019-0025,story-cubes-adventure-dice,Story Cubes Adventure Dice,games-puzzles,Tabletop Junior,1299,1,1299
48,TB-20260720-0026,meadow-friends-rag-doll-iris,Meadow Friends Rag Doll — Iris,dolls-plush,Hollow Hill,3299,1,3299
49,TB-20261206-0027,deep-sea-200-piece-jigsaw,Deep Sea 200-Piece Jigsaw,games-puzzles,Fox & Feather,1899,2,3798
50,TB-20261206-0027,trailblazer-wooden-balance-bike,Trailblazer Wooden Balance Bike,outdoor-active-play,Rove,8999,1,8999
51,TB-20261206-0027,codebot-screen-free-coding-robot,CodeBot Screen-Free Coding Robot,stem-learning,Tinker Crew,7999,2,15998
52,TB-20261206-0027,little-kitchen-play-cafe-set,Little Kitchen Play Café Set,dolls-plush,Maple & Moss,5499,1,5499
53,TB-20261022-0028,woodland-match-memory-game,Woodland Match Memory Game,games-puzzles,Fox & Feather,1799,1,1799
54,TB-20261022-0028,story-cubes-adventure-dice,Story Cubes Adventure Dice,games-puzzles,Tabletop Junior,1299,1,1299
55,TB-20260919-0029,dreamlight-nursery-doll-cot,Dreamlight Nursery Doll & Cot,dolls-plush,Little Lane,4499,1,4499
56,TB-20260919-0029,trailblazer-wooden-balance-bike,Trailblazer Wooden Balance Bike,outdoor-active-play,Rove,8999,3,26997
57,TB-20260831-0030,stargazer-beginner-telescope,Stargazer Beginner Telescope,stem-learning,Northlight,9499,2,18998
58,TB-20260709-0031,trailblazer-wooden-balance-bike,Trailblazer Wooden Balance Bike,outdoor-active-play,Rove,8999,2,17998
59,TB-20261128-0032,little-kitchen-play-cafe-set,Little Kitchen Play Café Set,dolls-plush,Maple & Moss,5499,1,5499
60,TB-20261021-0033,trailblazer-wooden-balance-bike,Trailblazer Wooden Balance Bike,outdoor-active-play,Rove,8999,1,8999
61,TB-20261111-0034,junior-engineer-nuts-bolts-workshop,Junior Engineer Nuts & Bolts Workshop,building-construction,Tinker Crew,3499,1,3499
62,TB-20261123-0035,codebot-screen-free-coding-robot,CodeBot Screen-Free Coding Robot,stem-learning,Tinker Crew,7999,1,7999
63,TB-20260818-0036,woodland-match-memory-game,Woodland Match Memory Game,games-puzzles,Fox & Feather,1799,1,1799
64,TB-20260818-0036,rocket-race-family-board-game,Rocket Race Family Board Game,games-puzzles,Tabletop Junior,2899,1,2899
65,TB-20260723-0037,trailblazer-wooden-balance-bike,Trailblazer Wooden Balance Bike,outdoor-active-play,Rove,8999,2,17998
66,TB-20260723-0037,codebot-screen-free-coding-robot,CodeBot Screen-Free Coding Robot,stem-learning,Tinker Crew,7999,1,7999
67,TB-20261103-0038,woodland-match-memory-game,Woodland Match Memory Game,games-puzzles,Fox & Feather,1799,2,3598
68,TB-20261103-0038,trailblazer-wooden-balance-bike,Trailblazer Wooden Balance Bike,outdoor-active-play,Rove,8999,2,17998
69,TB-20261103-0038,junior-archery-target-set,Junior Archery Target Set (foam-tipped),outdoor-active-play,Rove,3799,1,3799
70,TB-20260317-0039,rainbow-rise-wooden-block-set,Rainbow Rise Wooden Block Set (100 pieces),building-construction,Maple & Moss,4299,1,4299
71,TB-20261204-0040,pocket-pals-mini-plush-set,Pocket Pals Mini Plush Set (6 animals),dolls-plush,Hollow Hill,2199,2,4398
72,TB-20260721-0041,codebot-screen-free-coding-robot,CodeBot Screen-Free Coding Robot,stem-learning,Tinker Crew,7999,2,15998
73,TB-20260731-0042,alphabet-adventure-magnetic-letters,Alphabet Adventure Magnetic Letters,stem-learning,Little Lane,2299,1,2299
74,TB-20260731-0042,junior-archery-target-set,Junior Archery Target Set (foam-tipped),outdoor-active-play,Rove,3799,2,7598
75,TB-20260731-0042,junior-engineer-nuts-bolts-workshop,Junior Engineer Nuts & Bolts Workshop,building-construction,Tinker Crew,3499,1,3499
76,TB-20261102-0043,rocket-race-family-board-game,Rocket Race Family Board Game,games-puzzles,Tabletop Junior,2899,1,2899
77,TB-20261220-0044,dreamlight-nursery-doll-cot,Dreamlight Nursery Doll & Cot,dolls-plush,Little Lane,4499,1,4499
78,TB-20261220-0044,sidewalk-chalk-artist-kit,Sidewalk Chalk Artist Kit (48 sticks),outdoor-active-play,Sunbeam Play,1499,1,1499
79,TB-20260514-0045,dreamlight-nursery-doll-cot,Dreamlight Nursery Doll & Cot,dolls-plush,Little Lane,4499,1,4499
80,TB-20260514-0045,splash-zone-water-table,Splash Zone Water Table,outdoor-active-play,Sunbeam Play,6799,1,6799
81,TB-20260514-0045,codebot-screen-free-coding-robot,CodeBot Screen-Free Coding Robot,stem-learning,Tinker Crew,7999,1,7999
82,TB-20261128-0046,splash-zone-water-table,Splash Zone Water Table,outdoor-active-play,Sunbeam Play,6799,1,6799
83,TB-20260220-0047,volcano-crystal-science-lab,Volcano & Crystal Science Lab,stem-learning,Tinker Crew,3299,1,3299
84,TB-20261123-0048,woodland-match-memory-game,Woodland Match Memory Game,games-puzzles,Fox & Feather,1799,2,3598
85,TB-20261113-0049,sidewalk-chalk-artist-kit,Sidewalk Chalk Artist Kit (48 sticks),outdoor-active-play,Sunbeam Play,1499,1,1499
86,TB-20261113-0049,junior-archery-target-set,Junior Archery Target Set (foam-tipped),outdoor-active-play,Rove,3799,1,3799
87,TB-20261104-0050,woodland-match-memory-game,Woodland Match Memory Game,games-puzzles,Fox & Feather,1799,2,3598
88,TB-20261104-0050,volcano-crystal-science-lab,Volcano & Crystal Science Lab,stem-learning,Tinker Crew,3299,1,3299
89,TB-20261104-0050,rocket-race-family-board-game,Rocket Race Family Board Game,games-puzzles,Tabletop Junior,2899,1,2899
90,TB-20261218-0051,trailblazer-wooden-balance-bike,Trailblazer Wooden Balance Bike,outdoor-active-play,Rove,8999,1,8999
91,TB-20261218-0051,backyard-bounce-jumbo-play-ball-set,Backyard Bounce Jumbo Play Ball Set,outdoor-active-play,Rove,2499,1,2499
92,TB-20260925-0052,splash-zone-water-table,Splash Zone Water Table,outdoor-active-play,Sunbeam Play,6799,2,13598
93,TB-20260925-0052,magnatile-explorer-starter-pack,MagnaTile Explorer Starter Pack (72 pieces),building-construction,BrightBuild,5999,1,5999
94,TB-20260925-0052,codebot-screen-free-coding-robot,CodeBot Screen-Free Coding Robot,stem-learning,Tinker Crew,7999,1,7999
95,TB-20260925-0052,rocket-race-family-board-game,Rocket Race Family Board Game,games-puzzles,Tabletop Junior,2899,2,5798
96,TB-20261214-0053,little-kitchen-play-cafe-set,Little Kitchen Play Café Set,dolls-plush,Maple & Moss,5499,2,10998
97,TB-20260901-0054,bramble-organic-cotton-bear,Bramble the Organic Cotton Bear,dolls-plush,Hollow Hill,2999,1,2999
98,TB-20260901-0054,rainbow-rise-wooden-block-set,Rainbow Rise Wooden Block Set (100 pieces),building-construction,Maple & Moss,4299,1,4299
99,TB-20260622-0055,volcano-crystal-science-lab,Volcano & Crystal Science Lab,stem-learning,Tinker Crew,3299,1,3299
100,TB-20260907-0056,gravity-loop-marble-run-deluxe,Gravity Loop Marble Run (Deluxe),building-construction,BrightBuild,4799,1,4799
101,TB-20261105-0057,bramble-organic-cotton-bear,Bramble the Organic Cotton Bear,dolls-plush,Hollow Hill,2999,1,2999
102,TB-20261112-0058,trailblazer-wooden-balance-bike,Trailblazer Wooden Balance Bike,outdoor-active-play,Rove,8999,1,8999
103,TB-20261112-0058,volcano-crystal-science-lab,Volcano & Crystal Science Lab,stem-learning,Tinker Crew,3299,1,3299
104,TB-20260805-0059,bramble-organic-cotton-bear,Bramble the Organic Cotton Bear,dolls-plush,Hollow Hill,2999,2,5998
105,TB-20260805-0059,volcano-crystal-science-lab,Volcano & Crystal Science Lab,stem-learning,Tinker Crew,3299,1,3299
106,TB-20260805-0059,rocket-race-family-board-game,Rocket Race Family Board Game,games-puzzles,Tabletop Junior,2899,1,2899
107,TB-20261127-0060,magnatile-explorer-starter-pack,MagnaTile Explorer Starter Pack (72 pieces),building-construction,BrightBuild,5999,1,5999
108,TB-20261207-0061,codebot-screen-free-coding-robot,CodeBot Screen-Free Coding Robot,stem-learning,Tinker Crew,7999,1,7999
109,TB-20260127-0062,splash-zone-water-table,Splash Zone Water Table,outdoor-active-play,Sunbeam Play,6799,1,6799
110,TB-20260127-0062,stargazer-beginner-telescope,Stargazer Beginner Telescope,stem-learning,Northlight,9499,1,9499
111,TB-20260826-0063,codebot-screen-free-coding-robot,CodeBot Screen-Free Coding Robot,stem-learning,Tinker Crew,7999,1,7999
112,TB-20260828-0064,sunny-farm-floor-puzzle,Sunny Farm 48-Piece Floor Puzzle,games-puzzles,Fox & Feather,1599,1,1599
113,TB-20260828-0064,splash-zone-water-table,Splash Zone Water Table,outdoor-active-play,Sunbeam Play,6799,1,6799
114,TB-20260908-0065,splash-zone-water-table,Splash Zone Water Table,outdoor-active-play,Sunbeam Play,6799,1,6799
115,TB-20260906-0066,rocket-race-family-board-game,Rocket Race Family Board Game,games-puzzles,Tabletop Junior,2899,1,2899
116,TB-20261220-0067,sidewalk-chalk-artist-kit,Sidewalk Chalk Artist Kit (48 sticks),outdoor-active-play,Sunbeam Play,1499,2,2998
117,TB-20261220-0067,trailblazer-wooden-balance-bike,Trailblazer Wooden Balance Bike,outdoor-active-play,Rove,8999,1,8999
118,TB-20260828-0068,rocket-race-family-board-game,Rocket Race Family Board Game,games-puzzles,Tabletop Junior,2899,1,2899
119,TB-20261204-0069,backyard-bounce-jumbo-play-ball-set,Backyard Bounce Jumbo Play Ball Set,outdoor-active-play,Rove,2499,2,4998
120,TB-20261204-0069,little-kitchen-play-cafe-set,Little Kitchen Play Café Set,dolls-plush,Maple & Moss,5499,1,5499
121,TB-20261114-0070,splash-zone-water-table,Splash Zone Water Table,outdoor-active-play,Sunbeam Play,6799,1,6799
122,TB-20261209-0071,backyard-bounce-jumbo-play-ball-set,Backyard Bounce Jumbo Play Ball Set,outdoor-active-play,Rove,2499,2,4998
123,TB-20261209-0071,little-kitchen-play-cafe-set,Little Kitchen Play Café Set,dolls-plush,Maple & Moss,5499,1,5499
124,TB-20261203-0072,sunny-farm-floor-puzzle,Sunny Farm 48-Piece Floor Puzzle,games-puzzles,Fox & Feather,1599,1,1599
125,TB-20261203-0072,junior-archery-target-set,Junior Archery Target Set (foam-tipped),outdoor-active-play,Rove,3799,3,11397
126,TB-20261203-0072,castle-quest-brick-set,Castle Quest Brick Set (480 pieces),building-construction,Blockworks,6499,1,6499
127,TB-20261118-0073,backyard-bounce-jumbo-play-ball-set,Backyard Bounce Jumbo Play Ball Set,outdoor-active-play,Rove,2499,1,2499
128,TB-20261118-0073,rainbow-rise-wooden-block-set,Rainbow Rise Wooden Block Set (100 pieces),building-construction,Maple & Moss,4299,1,4299
129,TB-20260916-0074,meadow-friends-rag-doll-iris,Meadow Friends Rag Doll — Iris,dolls-plush,Hollow Hill,3299,1,3299
130,TB-20260823-0075,sidewalk-chalk-artist-kit,Sidewalk Chalk Artist Kit (48 sticks),outdoor-active-play,Sunbeam Play,1499,3,4497
131,TB-20260823-0075,volcano-crystal-science-lab,Volcano & Crystal Science Lab,stem-learning,Tinker Crew,3299,1,3299
132,TB-20260408-0076,magnatile-explorer-starter-pack,MagnaTile Explorer Starter Pack (72 pieces),building-construction,BrightBuild,5999,1,5999
133,TB-20260408-0076,stargazer-beginner-telescope,Stargazer Beginner Telescope,stem-learning,Northlight,9499,1,9499
134,TB-20261103-0077,woodland-match-memory-game,Woodland Match Memory Game,games-puzzles,Fox & Feather,1799,1,1799
135,TB-20261103-0077,codebot-screen-free-coding-robot,CodeBot Screen-Free Coding Robot,stem-learning,Tinker Crew,7999,1,7999
136,TB-20261103-0077,rocket-race-family-board-game,Rocket Race Family Board Game,games-puzzles,Tabletop Junior,2899,2,5798
137,TB-20261128-0078,junior-archery-target-set,Junior Archery Target Set (foam-tipped),outdoor-active-play,Rove,3799,1,3799
138,TB-20261128-0078,codebot-screen-free-coding-robot,CodeBot Screen-Free Coding Robot,stem-learning,Tinker Crew,7999,1,7999
139,TB-20261128-0078,rocket-race-family-board-game,Rocket Race Family Board Game,games-puzzles,Tabletop Junior,2899,1,2899
140,TB-20261103-0079,trailblazer-wooden-balance-bike,Trailblazer Wooden Balance Bike,outdoor-active-play,Rove,8999,1,8999
141,TB-20261103-0079,story-cubes-adventure-dice,Story Cubes Adventure Dice,games-puzzles,Tabletop Junior,1299,2,2598
142,TB-20261103-0079,castle-quest-brick-set,Castle Quest Brick Set (480 pieces),building-construction,Blockworks,6499,2,12998
143,TB-20261016-0080,dreamlight-nursery-doll-cot,Dreamlight Nursery Doll & Cot,dolls-plush,Little Lane,4499,3,13497
144,TB-20261016-0080,trailblazer-wooden-balance-bike,Trailblazer Wooden Balance Bike,outdoor-active-play,Rove,8999,1,8999
145,TB-20261016-0080,rocket-race-family-board-game,Rocket Race Family Board Game,games-puzzles,Tabletop Junior,2899,1,2899
146,TB-20261022-0081,splash-zone-water-table,Splash Zone Water Table,outdoor-active-play,Sunbeam Play,6799,1,6799
147,TB-20261213-0082,bramble-organic-cotton-bear,Bramble the Organic Cotton Bear,dolls-plush,Hollow Hill,2999,1,2999
148,TB-20261213-0082,deep-sea-200-piece-jigsaw,Deep Sea 200-Piece Jigsaw,games-puzzles,Fox & Feather,1899,1,1899
149,TB-20261213-0082,rainbow-rise-wooden-block-set,Rainbow Rise Wooden Block Set (100 pieces),building-construction,Maple & Moss,4299,3,12897
150,TB-20261001-0083,bramble-organic-cotton-bear,Bramble the Organic Cotton Bear,dolls-plush,Hollow Hill,2999,1,2999
151,TB-20261001-0083,meadow-friends-rag-doll-iris,Meadow Friends Rag Doll — Iris,dolls-plush,Hollow Hill,3299,3,9897
152,TB-20261001-0083,castle-quest-brick-set,Castle Quest Brick Set (480 pieces),building-construction,Blockworks,6499,2,12998
153,TB-20260317-0084,trailblazer-wooden-balance-bike,Trailblazer Wooden Balance Bike,outdoor-active-play,Rove,8999,1,8999
154,TB-20260317-0084,rainbow-rise-wooden-block-set,Rainbow Rise Wooden Block Set (100 pieces),building-construction,Maple & Moss,4299,1,4299
155,TB-20261213-0085,volcano-crystal-science-lab,Volcano & Crystal Science Lab,stem-learning,Tinker Crew,3299,2,6598
156,TB-20261213-0085,rocket-race-family-board-game,Rocket Race Family Board Game,games-puzzles,Tabletop Junior,2899,3,8697
157,TB-20261008-0086,sunny-farm-floor-puzzle,Sunny Farm 48-Piece Floor Puzzle,games-puzzles,Fox & Feather,1599,1,1599
158,TB-20261008-0086,gravity-loop-marble-run-deluxe,Gravity Loop Marble Run (Deluxe),building-construction,BrightBuild,4799,1,4799
159,TB-20261008-0086,junior-engineer-nuts-bolts-workshop,Junior Engineer Nuts & Bolts Workshop,building-construction,Tinker Crew,3499,1,3499
160,TB-20261113-0087,pocket-pals-mini-plush-set,Pocket Pals Mini Plush Set (6 animals),dolls-plush,Hollow Hill,2199,1,2199
161,TB-20261113-0087,little-kitchen-play-cafe-set,Little Kitchen Play Café Set,dolls-plush,Maple & Moss,5499,1,5499
162,TB-20261212-0088,splash-zone-water-table,Splash Zone Water Table,outdoor-active-play,Sunbeam Play,6799,3,20397
163,TB-20261129-0089,bramble-organic-cotton-bear,Bramble the Organic Cotton Bear,dolls-plush,Hollow Hill,2999,2,5998
164,TB-20261129-0089,backyard-bounce-jumbo-play-ball-set,Backyard Bounce Jumbo Play Ball Set,outdoor-active-play,Rove,2499,1,2499
165,TB-20261129-0089,magnatile-explorer-starter-pack,MagnaTile Explorer Starter Pack (72 pieces),building-construction,BrightBuild,5999,1,5999
166,TB-20260914-0090,magnatile-explorer-starter-pack,MagnaTile Explorer Starter Pack (72 pieces),building-construction,BrightBuild,5999,1,5999
167,TB-20260914-0090,junior-engineer-nuts-bolts-workshop,Junior Engineer Nuts & Bolts Workshop,building-construction,Tinker Crew,3499,1,3499
168,TB-20260914-0090,little-kitchen-play-cafe-set,Little Kitchen Play Café Set,dolls-plush,Maple & Moss,5499,1,5499
169,TB-20260914-0090,rainbow-rise-wooden-block-set,Rainbow Rise Wooden Block Set (100 pieces),building-construction,Maple & Moss,4299,1,4299
170,TB-20261204-0091,deep-sea-200-piece-jigsaw,Deep Sea 200-Piece Jigsaw,games-puzzles,Fox & Feather,1899,1,1899
171,TB-20260928-0092,codebot-screen-free-coding-robot,CodeBot Screen-Free Coding Robot,stem-learning,Tinker Crew,7999,1,7999
172,TB-20260928-0092,alphabet-adventure-magnetic-letters,Alphabet Adventure Magnetic Letters,stem-learning,Little Lane,2299,1,2299
173,TB-20261023-0093,volcano-crystal-science-lab,Volcano & Crystal Science Lab,stem-learning,Tinker Crew,3299,1,3299
174,TB-20261023-0093,junior-archery-target-set,Junior Archery Target Set (foam-tipped),outdoor-active-play,Rove,3799,1,3799
175,TB-20260630-0094,codebot-screen-free-coding-robot,CodeBot Screen-Free Coding Robot,stem-learning,Tinker Crew,7999,1,7999
176,TB-20261118-0095,dreamlight-nursery-doll-cot,Dreamlight Nursery Doll & Cot,dolls-plush,Little Lane,4499,1,4499
177,TB-20261118-0095,volcano-crystal-science-lab,Volcano & Crystal Science Lab,stem-learning,Tinker Crew,3299,1,3299
178,TB-20261118-0095,codebot-screen-free-coding-robot,CodeBot Screen-Free Coding Robot,stem-learning,Tinker Crew,7999,1,7999
179,TB-20261101-0096,trailblazer-wooden-balance-bike,Trailblazer Wooden Balance Bike,outdoor-active-play,Rove,8999,1,8999
180,TB-20260417-0097,backyard-bounce-jumbo-play-ball-set,Backyard Bounce Jumbo Play Ball Set,outdoor-active-play,Rove,2499,1,2499
181,TB-20260417-0097,junior-archery-target-set,Junior Archery Target Set (foam-tipped),outdoor-active-play,Rove,3799,1,3799
182,TB-20261210-0098,bramble-organic-cotton-bear,Bramble the Organic Cotton Bear,dolls-plush,Hollow Hill,2999,1,2999
183,TB-20261210-0098,magnatile-explorer-starter-pack,MagnaTile Explorer Starter Pack (72 pieces),building-construction,BrightBuild,5999,1,5999
184,TB-20261210-0098,little-kitchen-play-cafe-set,Little Kitchen Play Café Set,dolls-plush,Maple & Moss,5499,2,10998
185,TB-20260719-0099,sunny-farm-floor-puzzle,Sunny Farm 48-Piece Floor Puzzle,games-puzzles,Fox & Feather,1599,1,1599
186,TB-20260719-0099,dreamlight-nursery-doll-cot,Dreamlight Nursery Doll & Cot,dolls-plush,Little Lane,4499,1,4499
187,TB-20260719-0099,woodland-match-memory-game,Woodland Match Memory Game,games-puzzles,Fox & Feather,1799,1,1799
188,TB-20260719-0099,magnatile-explorer-starter-pack,MagnaTile Explorer Starter Pack (72 pieces),building-construction,BrightBuild,5999,2,11998
189,TB-20261025-0100,trailblazer-wooden-balance-bike,Trailblazer Wooden Balance Bike,outdoor-active-play,Rove,8999,1,8999
190,TB-20261025-0100,alphabet-adventure-magnetic-letters,Alphabet Adventure Magnetic Letters,stem-learning,Little Lane,2299,1,2299
191,TB-20260919-0101,gravity-loop-marble-run-deluxe,Gravity Loop Marble Run (Deluxe),building-construction,BrightBuild,4799,2,9598
192,TB-20260919-0101,codebot-screen-free-coding-robot,CodeBot Screen-Free Coding Robot,stem-learning,Tinker Crew,7999,1,7999
193,TB-20260919-0101,rainbow-rise-wooden-block-set,Rainbow Rise Wooden Block Set (100 pieces),building-construction,Maple & Moss,4299,1,4299
194,TB-20260222-0102,little-kitchen-play-cafe-set,Little Kitchen Play Café Set,dolls-plush,Maple & Moss,5499,1,5499
195,TB-20260608-0103,bramble-organic-cotton-bear,Bramble the Organic Cotton Bear,dolls-plush,Hollow Hill,2999,1,2999
196,TB-20260608-0103,little-kitchen-play-cafe-set,Little Kitchen Play Café Set,dolls-plush,Maple & Moss,5499,2,10998
197,TB-20260608-0103,rocket-race-family-board-game,Rocket Race Family Board Game,games-puzzles,Tabletop Junior,2899,1,2899
198,TB-20261022-0104,volcano-crystal-science-lab,Volcano & Crystal Science Lab,stem-learning,Tinker Crew,3299,1,3299
199,TB-20260714-0105,bramble-organic-cotton-bear,Bramble the Organic Cotton Bear,dolls-plush,Hollow Hill,2999,1,2999
200,TB-20260714-0105,gravity-loop-marble-run-deluxe,Gravity Loop Marble Run (Deluxe),building-construction,BrightBuild,4799,3,14397
201,TB-20260714-0105,codebot-screen-free-coding-robot,CodeBot Screen-Free Coding Robot,stem-learning,Tinker Crew,7999,1,7999
202,TB-20260714-0105,rocket-race-family-board-game,Rocket Race Family Board Game,games-puzzles,Tabletop Junior,2899,2,5798
203,TB-20261025-0106,bramble-organic-cotton-bear,Bramble the Organic Cotton Bear,dolls-plush,Hollow Hill,2999,1,2999
204,TB-20261025-0106,rocket-race-family-board-game,Rocket Race Family Board Game,games-puzzles,Tabletop Junior,2899,1,2899
205,TB-20261107-0107,rocket-race-family-board-game,Rocket Race Family Board Game,games-puzzles,Tabletop Junior,2899,1,2899
206,TB-20261107-0107,splash-zone-water-table,Splash Zone Water Table,outdoor-active-play,Sunbeam Play,6799,3,20397
207,TB-20261107-0107,rainbow-rise-wooden-block-set,Rainbow Rise Wooden Block Set (100 pieces),building-construction,Maple & Moss,4299,1,4299
208,TB-20261227-0108,splash-zone-water-table,Splash Zone Water Table,outdoor-active-play,Sunbeam Play,6799,2,13598
209,TB-20261227-0108,little-kitchen-play-cafe-set,Little Kitchen Play Café Set,dolls-plush,Maple & Moss,5499,1,5499
210,TB-20260819-0109,sidewalk-chalk-artist-kit,Sidewalk Chalk Artist Kit (48 sticks),outdoor-active-play,Sunbeam Play,1499,1,1499
211,TB-20261220-0110,backyard-bounce-jumbo-play-ball-set,Backyard Bounce Jumbo Play Ball Set,outdoor-active-play,Rove,2499,1,2499
212,TB-20261130-0111,dreamlight-nursery-doll-cot,Dreamlight Nursery Doll & Cot,dolls-plush,Little Lane,4499,1,4499
213,TB-20261130-0111,splash-zone-water-table,Splash Zone Water Table,outdoor-active-play,Sunbeam Play,6799,1,6799
214,TB-20261130-0111,stargazer-beginner-telescope,Stargazer Beginner Telescope,stem-learning,Northlight,9499,1,9499
215,TB-20260106-0112,trailblazer-wooden-balance-bike,Trailblazer Wooden Balance Bike,outdoor-active-play,Rove,8999,1,8999
216,TB-20261117-0113,codebot-screen-free-coding-robot,CodeBot Screen-Free Coding Robot,stem-learning,Tinker Crew,7999,2,15998
217,TB-20261116-0114,alphabet-adventure-magnetic-letters,Alphabet Adventure Magnetic Letters,stem-learning,Little Lane,2299,1,2299
218,TB-20261101-0115,little-kitchen-play-cafe-set,Little Kitchen Play Café Set,dolls-plush,Maple & Moss,5499,1,5499
219,TB-20260819-0116,bramble-organic-cotton-bear,Bramble the Organic Cotton Bear,dolls-plush,Hollow Hill,2999,1,2999
220,TB-20260819-0116,little-kitchen-play-cafe-set,Little Kitchen Play Café Set,dolls-plush,Maple & Moss,5499,3,16497
221,TB-20260819-0116,alphabet-adventure-magnetic-letters,Alphabet Adventure Magnetic Letters,stem-learning,Little Lane,2299,2,4598
222,TB-20260626-0117,sunny-farm-floor-puzzle,Sunny Farm 48-Piece Floor Puzzle,games-puzzles,Fox & Feather,1599,1,1599
223,TB-20261110-0118,rocket-race-family-board-game,Rocket Race Family Board Game,games-puzzles,Tabletop Junior,2899,1,2899
224,TB-20261110-0118,backyard-bounce-jumbo-play-ball-set,Backyard Bounce Jumbo Play Ball Set,outdoor-active-play,Rove,2499,1,2499
225,TB-20261110-0118,little-kitchen-play-cafe-set,Little Kitchen Play Café Set,dolls-plush,Maple & Moss,5499,1,5499
226,TB-20261110-0118,gravity-loop-marble-run-deluxe,Gravity Loop Marble Run (Deluxe),building-construction,BrightBuild,4799,2,9598
227,TB-20261128-0119,magnatile-explorer-starter-pack,MagnaTile Explorer Starter Pack (72 pieces),building-construction,BrightBuild,5999,1,5999
228,TB-20261128-0119,rocket-race-family-board-game,Rocket Race Family Board Game,games-puzzles,Tabletop Junior,2899,2,5798
229,TB-20261204-0120,bramble-organic-cotton-bear,Bramble the Organic Cotton Bear,dolls-plush,Hollow Hill,2999,1,2999
230,TB-20261204-0120,woodland-match-memory-game,Woodland Match Memory Game,games-puzzles,Fox & Feather,1799,1,1799
231,TB-20261204-0120,trailblazer-wooden-balance-bike,Trailblazer Wooden Balance Bike,outdoor-active-play,Rove,8999,1,8999
232,TB-20261204-0120,codebot-screen-free-coding-robot,CodeBot Screen-Free Coding Robot,stem-learning,Tinker Crew,7999,1,7999
233,TB-20260323-0121,woodland-match-memory-game,Woodland Match Memory Game,games-puzzles,Fox & Feather,1799,1,1799
234,TB-20260925-0122,bramble-organic-cotton-bear,Bramble the Organic Cotton Bear,dolls-plush,Hollow Hill,2999,1,2999
235,TB-20260817-0123,trailblazer-wooden-balance-bike,Trailblazer Wooden Balance Bike,outdoor-active-play,Rove,8999,3,26997
236,TB-20261031-0124,rainbow-rise-wooden-block-set,Rainbow Rise Wooden Block Set (100 pieces),building-construction,Maple & Moss,4299,1,4299
237,TB-20261223-0125,sunny-farm-floor-puzzle,Sunny Farm 48-Piece Floor Puzzle,games-puzzles,Fox & Feather,1599,1,1599
238,TB-20261223-0125,splash-zone-water-table,Splash Zone Water Table,outdoor-active-play,Sunbeam Play,6799,1,6799
239,TB-20261129-0126,magnatile-explorer-starter-pack,MagnaTile Explorer Starter Pack (72 pieces),building-construction,BrightBuild,5999,1,5999
240,TB-20261129-0126,rocket-race-family-board-game,Rocket Race Family Board Game,games-puzzles,Tabletop Junior,2899,2,5798
241,TB-20260206-0127,bramble-organic-cotton-bear,Bramble the Organic Cotton Bear,dolls-plush,Hollow Hill,2999,1,2999
242,TB-20260206-0127,pocket-pals-mini-plush-set,Pocket Pals Mini Plush Set (6 animals),dolls-plush,Hollow Hill,2199,1,2199
243,TB-20260206-0127,trailblazer-wooden-balance-bike,Trailblazer Wooden Balance Bike,outdoor-active-play,Rove,8999,1,8999
244,TB-20260131-0128,meadow-friends-rag-doll-iris,Meadow Friends Rag Doll — Iris,dolls-plush,Hollow Hill,3299,1,3299
245,TB-20260131-0128,trailblazer-wooden-balance-bike,Trailblazer Wooden Balance Bike,outdoor-active-play,Rove,8999,1,8999
246,TB-20260131-0128,volcano-crystal-science-lab,Volcano & Crystal Science Lab,stem-learning,Tinker Crew,3299,1,3299
247,TB-20260915-0129,bramble-organic-cotton-bear,Bramble the Organic Cotton Bear,dolls-plush,Hollow Hill,2999,1,2999
248,TB-20261216-0130,stargazer-beginner-telescope,Stargazer Beginner Telescope,stem-learning,Northlight,9499,1,9499
249,TB-20261229-0131,volcano-crystal-science-lab,Volcano & Crystal Science Lab,stem-learning,Tinker Crew,3299,1,3299
250,TB-20261229-0131,rocket-race-family-board-game,Rocket Race Family Board Game,games-puzzles,Tabletop Junior,2899,1,2899
251,TB-20260706-0132,dreamlight-nursery-doll-cot,Dreamlight Nursery Doll & Cot,dolls-plush,Little Lane,4499,2,8998
252,TB-20260706-0132,stargazer-beginner-telescope,Stargazer Beginner Telescope,stem-learning,Northlight,9499,2,18998
253,TB-20261130-0133,backyard-bounce-jumbo-play-ball-set,Backyard Bounce Jumbo Play Ball Set,outdoor-active-play,Rove,2499,2,4998
254,TB-20261130-0133,stargazer-beginner-telescope,Stargazer Beginner Telescope,stem-learning,Northlight,9499,1,9499
255,TB-20261110-0134,castle-quest-brick-set,Castle Quest Brick Set (480 pieces),building-construction,Blockworks,6499,1,6499
256,TB-20261122-0135,bramble-organic-cotton-bear,Bramble the Organic Cotton Bear,dolls-plush,Hollow Hill,2999,1,2999
257,TB-20261122-0135,splash-zone-water-table,Splash Zone Water Table,outdoor-active-play,Sunbeam Play,6799,3,20397
258,TB-20261122-0135,volcano-crystal-science-lab,Volcano & Crystal Science Lab,stem-learning,Tinker Crew,3299,1,3299
259,TB-20261220-0136,sunny-farm-floor-puzzle,Sunny Farm 48-Piece Floor Puzzle,games-puzzles,Fox & Feather,1599,1,1599
260,TB-20261220-0136,dreamlight-nursery-doll-cot,Dreamlight Nursery Doll & Cot,dolls-plush,Little Lane,4499,1,4499
261,TB-20261220-0136,splash-zone-water-table,Splash Zone Water Table,outdoor-active-play,Sunbeam Play,6799,3,20397
262,TB-20260810-0137,pocket-pals-mini-plush-set,Pocket Pals Mini Plush Set (6 animals),dolls-plush,Hollow Hill,2199,1,2199
263,TB-20260810-0137,woodland-match-memory-game,Woodland Match Memory Game,games-puzzles,Fox & Feather,1799,1,1799
264,TB-20260810-0137,sidewalk-chalk-artist-kit,Sidewalk Chalk Artist Kit (48 sticks),outdoor-active-play,Sunbeam Play,1499,1,1499
265,TB-20261002-0138,deep-sea-200-piece-jigsaw,Deep Sea 200-Piece Jigsaw,games-puzzles,Fox & Feather,1899,1,1899
266,TB-20261002-0138,meadow-friends-rag-doll-iris,Meadow Friends Rag Doll — Iris,dolls-plush,Hollow Hill,3299,1,3299
267,TB-20260213-0139,woodland-match-memory-game,Woodland Match Memory Game,games-puzzles,Fox & Feather,1799,1,1799
268,TB-20260213-0139,castle-quest-brick-set,Castle Quest Brick Set (480 pieces),building-construction,Blockworks,6499,1,6499
269,TB-20260213-0139,codebot-screen-free-coding-robot,CodeBot Screen-Free Coding Robot,stem-learning,Tinker Crew,7999,1,7999
270,TB-20261219-0140,stargazer-beginner-telescope,Stargazer Beginner Telescope,stem-learning,Northlight,9499,1,9499
271,TB-20261218-0141,magnatile-explorer-starter-pack,MagnaTile Explorer Starter Pack (72 pieces),building-construction,BrightBuild,5999,1,5999
272,TB-20260108-0142,bramble-organic-cotton-bear,Bramble the Organic Cotton Bear,dolls-plush,Hollow Hill,2999,1,2999
273,TB-20260108-0142,volcano-crystal-science-lab,Volcano & Crystal Science Lab,stem-learning,Tinker Crew,3299,1,3299
274,TB-20260925-0143,bramble-organic-cotton-bear,Bramble the Organic Cotton Bear,dolls-plush,Hollow Hill,2999,1,2999
275,TB-20260925-0143,sunny-farm-floor-puzzle,Sunny Farm 48-Piece Floor Puzzle,games-puzzles,Fox & Feather,1599,2,3198
276,TB-20260925-0143,backyard-bounce-jumbo-play-ball-set,Backyard Bounce Jumbo Play Ball Set,outdoor-active-play,Rove,2499,2,4998
277,TB-20261116-0144,story-cubes-adventure-dice,Story Cubes Adventure Dice,games-puzzles,Tabletop Junior,1299,1,1299
278,TB-20261111-0145,little-kitchen-play-cafe-set,Little Kitchen Play Café Set,dolls-plush,Maple & Moss,5499,1,5499
279,TB-20261116-0146,gravity-loop-marble-run-deluxe,Gravity Loop Marble Run (Deluxe),building-construction,BrightBuild,4799,1,4799
280,TB-20261211-0147,junior-archery-target-set,Junior Archery Target Set (foam-tipped),outdoor-active-play,Rove,3799,1,3799
281,TB-20261211-0147,rocket-race-family-board-game,Rocket Race Family Board Game,games-puzzles,Tabletop Junior,2899,2,5798
282,TB-20260817-0148,bramble-organic-cotton-bear,Bramble the Organic Cotton Bear,dolls-plush,Hollow Hill,2999,1,2999
283,TB-20260817-0148,trailblazer-wooden-balance-bike,Trailblazer Wooden Balance Bike,outdoor-active-play,Rove,8999,1,8999
284,TB-20260817-0148,meadow-friends-rag-doll-iris,Meadow Friends Rag Doll — Iris,dolls-plush,Hollow Hill,3299,1,3299
285,TB-20260601-0149,sunny-farm-floor-puzzle,Sunny Farm 48-Piece Floor Puzzle,games-puzzles,Fox & Feather,1599,1,1599
286,TB-20260601-0149,magnatile-explorer-starter-pack,MagnaTile Explorer Starter Pack (72 pieces),building-construction,BrightBuild,5999,1,5999
287,TB-20260601-0149,woodland-match-memory-game,Woodland Match Memory Game,games-puzzles,Fox & Feather,1799,2,3598
288,TB-20260601-0149,volcano-crystal-science-lab,Volcano & Crystal Science Lab,stem-learning,Tinker Crew,3299,2,6598
289,TB-20260815-0150,bramble-organic-cotton-bear,Bramble the Organic Cotton Bear,dolls-plush,Hollow Hill,2999,1,2999
290,TB-20260815-0150,splash-zone-water-table,Splash Zone Water Table,outdoor-active-play,Sunbeam Play,6799,1,6799
291,TB-20261211-0151,rocket-race-family-board-game,Rocket Race Family Board Game,games-puzzles,Tabletop Junior,2899,1,2899
292,TB-20260825-0152,meadow-friends-rag-doll-iris,Meadow Friends Rag Doll — Iris,dolls-plush,Hollow Hill,3299,1,3299
293,TB-20260825-0152,stargazer-beginner-telescope,Stargazer Beginner Telescope,stem-learning,Northlight,9499,2,18998
294,TB-20261204-0153,meadow-friends-rag-doll-iris,Meadow Friends Rag Doll — Iris,dolls-plush,Hollow Hill,3299,1,3299
295,TB-20261204-0153,codebot-screen-free-coding-robot,CodeBot Screen-Free Coding Robot,stem-learning,Tinker Crew,7999,2,15998
296,TB-20261204-0153,junior-engineer-nuts-bolts-workshop,Junior Engineer Nuts & Bolts Workshop,building-construction,Tinker Crew,3499,1,3499
297,TB-20260922-0154,story-cubes-adventure-dice,Story Cubes Adventure Dice,games-puzzles,Tabletop Junior,1299,1,1299
298,TB-20260922-0154,rainbow-rise-wooden-block-set,Rainbow Rise Wooden Block Set (100 pieces),building-construction,Maple & Moss,4299,1,4299
299,TB-20260716-0155,junior-archery-target-set,Junior Archery Target Set (foam-tipped),outdoor-active-play,Rove,3799,2,7598
300,TB-20261021-0156,magnatile-explorer-starter-pack,MagnaTile Explorer Starter Pack (72 pieces),building-construction,BrightBuild,5999,2,11998
301,TB-20261021-0156,castle-quest-brick-set,Castle Quest Brick Set (480 pieces),building-construction,Blockworks,6499,1,6499
302,TB-20261021-0156,rocket-race-family-board-game,Rocket Race Family Board Game,games-puzzles,Tabletop Junior,2899,1,2899
303,TB-20260714-0157,rocket-race-family-board-game,Rocket Race Family Board Game,games-puzzles,Tabletop Junior,2899,1,2899
304,TB-20261121-0158,stargazer-beginner-telescope,Stargazer Beginner Telescope,stem-learning,Northlight,9499,1,9499
305,TB-20260513-0159,backyard-bounce-jumbo-play-ball-set,Backyard Bounce Jumbo Play Ball Set,outdoor-active-play,Rove,2499,1,2499
306,TB-20260513-0159,woodland-match-memory-game,Woodland Match Memory Game,games-puzzles,Fox & Feather,1799,1,1799
307,TB-20260513-0159,castle-quest-brick-set,Castle Quest Brick Set (480 pieces),building-construction,Blockworks,6499,1,6499
308,TB-20260912-0160,dreamlight-nursery-doll-cot,Dreamlight Nursery Doll & Cot,dolls-plush,Little Lane,4499,3,13497
309,TB-20260912-0160,trailblazer-wooden-balance-bike,Trailblazer Wooden Balance Bike,outdoor-active-play,Rove,8999,2,17998
310,TB-20260912-0160,volcano-crystal-science-lab,Volcano & Crystal Science Lab,stem-learning,Tinker Crew,3299,1,3299
311,TB-20260912-0160,stargazer-beginner-telescope,Stargazer Beginner Telescope,stem-learning,Northlight,9499,2,18998
312,TB-20260530-0161,meadow-friends-rag-doll-iris,Meadow Friends Rag Doll — Iris,dolls-plush,Hollow Hill,3299,1,3299
313,TB-20260530-0161,junior-engineer-nuts-bolts-workshop,Junior Engineer Nuts & Bolts Workshop,building-construction,Tinker Crew,3499,1,3499
314,TB-20261220-0162,codebot-screen-free-coding-robot,CodeBot Screen-Free Coding Robot,stem-learning,Tinker Crew,7999,1,7999
315,TB-20261220-0162,rocket-race-family-board-game,Rocket Race Family Board Game,games-puzzles,Tabletop Junior,2899,1,2899
316,TB-20261026-0163,volcano-crystal-science-lab,Volcano & Crystal Science Lab,stem-learning,Tinker Crew,3299,1,3299
317,TB-20261026-0163,rocket-race-family-board-game,Rocket Race Family Board Game,games-puzzles,Tabletop Junior,2899,1,2899
318,TB-20261209-0164,bramble-organic-cotton-bear,Bramble the Organic Cotton Bear,dolls-plush,Hollow Hill,2999,1,2999
319,TB-20261209-0164,castle-quest-brick-set,Castle Quest Brick Set (480 pieces),building-construction,Blockworks,6499,2,12998
320,TB-20261012-0165,little-kitchen-play-cafe-set,Little Kitchen Play Café Set,dolls-plush,Maple & Moss,5499,1,5499
321,TB-20260926-0166,deep-sea-200-piece-jigsaw,Deep Sea 200-Piece Jigsaw,games-puzzles,Fox & Feather,1899,2,3798
322,TB-20260208-0167,little-kitchen-play-cafe-set,Little Kitchen Play Café Set,dolls-plush,Maple & Moss,5499,1,5499
323,TB-20260208-0167,story-cubes-adventure-dice,Story Cubes Adventure Dice,games-puzzles,Tabletop Junior,1299,1,1299
324,TB-20260208-0167,codebot-screen-free-coding-robot,CodeBot Screen-Free Coding Robot,stem-learning,Tinker Crew,7999,1,7999
325,TB-20260910-0168,story-cubes-adventure-dice,Story Cubes Adventure Dice,games-puzzles,Tabletop Junior,1299,1,1299
326,TB-20260910-0168,magnatile-explorer-starter-pack,MagnaTile Explorer Starter Pack (72 pieces),building-construction,BrightBuild,5999,3,17997
327,TB-20261228-0169,story-cubes-adventure-dice,Story Cubes Adventure Dice,games-puzzles,Tabletop Junior,1299,1,1299
328,TB-20261228-0169,volcano-crystal-science-lab,Volcano & Crystal Science Lab,stem-learning,Tinker Crew,3299,2,6598
329,TB-20261228-0169,gravity-loop-marble-run-deluxe,Gravity Loop Marble Run (Deluxe),building-construction,BrightBuild,4799,2,9598
330,TB-20260530-0170,sunny-farm-floor-puzzle,Sunny Farm 48-Piece Floor Puzzle,games-puzzles,Fox & Feather,1599,1,1599
331,TB-20260530-0170,sidewalk-chalk-artist-kit,Sidewalk Chalk Artist Kit (48 sticks),outdoor-active-play,Sunbeam Play,1499,1,1499
332,TB-20260530-0170,deep-sea-200-piece-jigsaw,Deep Sea 200-Piece Jigsaw,games-puzzles,Fox & Feather,1899,1,1899
333,TB-20260530-0170,gravity-loop-marble-run-deluxe,Gravity Loop Marble Run (Deluxe),building-construction,BrightBuild,4799,2,9598
334,TB-20261202-0171,woodland-match-memory-game,Woodland Match Memory Game,games-puzzles,Fox & Feather,1799,1,1799
335,TB-20261202-0171,rocket-race-family-board-game,Rocket Race Family Board Game,games-puzzles,Tabletop Junior,2899,1,2899
336,TB-20261118-0172,alphabet-adventure-magnetic-letters,Alphabet Adventure Magnetic Letters,stem-learning,Little Lane,2299,1,2299
337,TB-20260131-0173,trailblazer-wooden-balance-bike,Trailblazer Wooden Balance Bike,outdoor-active-play,Rove,8999,1,8999
338,TB-20260131-0173,woodland-match-memory-game,Woodland Match Memory Game,games-puzzles,Fox & Feather,1799,1,1799
339,TB-20260131-0173,castle-quest-brick-set,Castle Quest Brick Set (480 pieces),building-construction,Blockworks,6499,1,6499
340,TB-20261027-0174,castle-quest-brick-set,Castle Quest Brick Set (480 pieces),building-construction,Blockworks,6499,3,19497
341,TB-20261027-0174,little-kitchen-play-cafe-set,Little Kitchen Play Café Set,dolls-plush,Maple & Moss,5499,1,5499
342,TB-20261027-0174,junior-engineer-nuts-bolts-workshop,Junior Engineer Nuts & Bolts Workshop,building-construction,Tinker Crew,3499,1,3499
343,TB-20260912-0175,little-kitchen-play-cafe-set,Little Kitchen Play Café Set,dolls-plush,Maple & Moss,5499,1,5499
344,TB-20260816-0176,rainbow-rise-wooden-block-set,Rainbow Rise Wooden Block Set (100 pieces),building-construction,Maple & Moss,4299,2,8598
345,TB-20261119-0177,sunny-farm-floor-puzzle,Sunny Farm 48-Piece Floor Puzzle,games-puzzles,Fox & Feather,1599,1,1599
346,TB-20261119-0177,codebot-screen-free-coding-robot,CodeBot Screen-Free Coding Robot,stem-learning,Tinker Crew,7999,1,7999
347,TB-20261119-0177,stargazer-beginner-telescope,Stargazer Beginner Telescope,stem-learning,Northlight,9499,2,18998
348,TB-20260217-0178,bramble-organic-cotton-bear,Bramble the Organic Cotton Bear,dolls-plush,Hollow Hill,2999,1,2999
349,TB-20260217-0178,backyard-bounce-jumbo-play-ball-set,Backyard Bounce Jumbo Play Ball Set,outdoor-active-play,Rove,2499,1,2499
350,TB-20261222-0179,sidewalk-chalk-artist-kit,Sidewalk Chalk Artist Kit (48 sticks),outdoor-active-play,Sunbeam Play,1499,1,1499
351,TB-20261023-0180,deep-sea-200-piece-jigsaw,Deep Sea 200-Piece Jigsaw,games-puzzles,Fox & Feather,1899,1,1899
352,TB-20261023-0180,backyard-bounce-jumbo-play-ball-set,Backyard Bounce Jumbo Play Ball Set,outdoor-active-play,Rove,2499,2,4998
353,TB-20261023-0180,rocket-race-family-board-game,Rocket Race Family Board Game,games-puzzles,Tabletop Junior,2899,1,2899
354,TB-20261028-0181,rainbow-rise-wooden-block-set,Rainbow Rise Wooden Block Set (100 pieces),building-construction,Maple & Moss,4299,1,4299
355,TB-20261028-0181,junior-engineer-nuts-bolts-workshop,Junior Engineer Nuts & Bolts Workshop,building-construction,Tinker Crew,3499,2,6998
356,TB-20261228-0182,stargazer-beginner-telescope,Stargazer Beginner Telescope,stem-learning,Northlight,9499,1,9499
357,TB-20261103-0183,sidewalk-chalk-artist-kit,Sidewalk Chalk Artist Kit (48 sticks),outdoor-active-play,Sunbeam Play,1499,1,1499
358,TB-20261103-0183,codebot-screen-free-coding-robot,CodeBot Screen-Free Coding Robot,stem-learning,Tinker Crew,7999,1,7999
359,TB-20261227-0184,junior-engineer-nuts-bolts-workshop,Junior Engineer Nuts & Bolts Workshop,building-construction,Tinker Crew,3499,1,3499
360,TB-20261123-0185,magnatile-explorer-starter-pack,MagnaTile Explorer Starter Pack (72 pieces),building-construction,BrightBuild,5999,1,5999
361,TB-20261123-0185,gravity-loop-marble-run-deluxe,Gravity Loop Marble Run (Deluxe),building-construction,BrightBuild,4799,1,4799
362,TB-20261123-0185,junior-engineer-nuts-bolts-workshop,Junior Engineer Nuts & Bolts Workshop,building-construction,Tinker Crew,3499,2,6998
363,TB-20261012-0186,story-cubes-adventure-dice,Story Cubes Adventure Dice,games-puzzles,Tabletop Junior,1299,2,2598
364,TB-20261012-0186,codebot-screen-free-coding-robot,CodeBot Screen-Free Coding Robot,stem-learning,Tinker Crew,7999,1,7999
365,TB-20261127-0187,sidewalk-chalk-artist-kit,Sidewalk Chalk Artist Kit (48 sticks),outdoor-active-play,Sunbeam Play,1499,1,1499
366,TB-20261127-0187,trailblazer-wooden-balance-bike,Trailblazer Wooden Balance Bike,outdoor-active-play,Rove,8999,1,8999
367,TB-20260123-0188,bramble-organic-cotton-bear,Bramble the Organic Cotton Bear,dolls-plush,Hollow Hill,2999,1,2999
368,TB-20260123-0188,little-kitchen-play-cafe-set,Little Kitchen Play Café Set,dolls-plush,Maple & Moss,5499,1,5499
369,TB-20261225-0189,trailblazer-wooden-balance-bike,Trailblazer Wooden Balance Bike,outdoor-active-play,Rove,8999,1,8999
370,TB-20261225-0189,meadow-friends-rag-doll-iris,Meadow Friends Rag Doll — Iris,dolls-plush,Hollow Hill,3299,1,3299
371,TB-20261225-0189,codebot-screen-free-coding-robot,CodeBot Screen-Free Coding Robot,stem-learning,Tinker Crew,7999,1,7999
372,TB-20261225-0189,stargazer-beginner-telescope,Stargazer Beginner Telescope,stem-learning,Northlight,9499,1,9499
373,TB-20260914-0190,volcano-crystal-science-lab,Volcano & Crystal Science Lab,stem-learning,Tinker Crew,3299,1,3299
374,TB-20261107-0191,magnatile-explorer-starter-pack,MagnaTile Explorer Starter Pack (72 pieces),building-construction,BrightBuild,5999,2,11998
375,TB-20261017-0192,stargazer-beginner-telescope,Stargazer Beginner Telescope,stem-learning,Northlight,9499,1,9499
376,TB-20261017-0192,woodland-match-memory-game,Woodland Match Memory Game,games-puzzles,Fox & Feather,1799,2,3598
377,TB-20261017-0192,rocket-race-family-board-game,Rocket Race Family Board Game,games-puzzles,Tabletop Junior,2899,1,2899
378,TB-20261224-0193,bramble-organic-cotton-bear,Bramble the Organic Cotton Bear,dolls-plush,Hollow Hill,2999,1,2999
379,TB-20261112-0194,rocket-race-family-board-game,Rocket Race Family Board Game,games-puzzles,Tabletop Junior,2899,1,2899
380,TB-20261112-0194,stargazer-beginner-telescope,Stargazer Beginner Telescope,stem-learning,Northlight,9499,2,18998
381,TB-20260922-0195,stargazer-beginner-telescope,Stargazer Beginner Telescope,stem-learning,Northlight,9499,1,9499
382,TB-20260921-0196,bramble-organic-cotton-bear,Bramble the Organic Cotton Bear,dolls-plush,Hollow Hill,2999,1,2999
383,TB-20260921-0196,sunny-farm-floor-puzzle,Sunny Farm 48-Piece Floor Puzzle,games-puzzles,Fox & Feather,1599,1,1599
384,TB-20260921-0196,woodland-match-memory-game,Woodland Match Memory Game,games-puzzles,Fox & Feather,1799,1,1799
385,TB-20261030-0197,bramble-organic-cotton-bear,Bramble the Organic Cotton Bear,dolls-plush,Hollow Hill,2999,1,2999
386,TB-20261030-0197,stargazer-beginner-telescope,Stargazer Beginner Telescope,stem-learning,Northlight,9499,2,18998
387,TB-20261213-0198,backyard-bounce-jumbo-play-ball-set,Backyard Bounce Jumbo Play Ball Set,outdoor-active-play,Rove,2499,1,2499
388,TB-20260823-0199,woodland-match-memory-game,Woodland Match Memory Game,games-puzzles,Fox & Feather,1799,1,1799
389,TB-20260823-0199,splash-zone-water-table,Splash Zone Water Table,outdoor-active-play,Sunbeam Play,6799,1,6799
390,TB-20261017-0200,deep-sea-200-piece-jigsaw,Deep Sea 200-Piece Jigsaw,games-puzzles,Fox & Feather,1899,1,1899
391,TB-20261017-0200,little-kitchen-play-cafe-set,Little Kitchen Play Café Set,dolls-plush,Maple & Moss,5499,1,5499
